Actual,Predicted
8,10.586826
13,13.570012
64,47.22539
90,91.329445
37,35.81821
188,183.70473
12,10.676503
26,13.567754
59,46.909348
83,89.483444
35,26.65342
144,161.1896
14,11.055514
22,13.161482
45,41.480755
75,79.425156
42,33.774097
192,188.8599
15,10.155322
19,13.738136
61,51.97836
101,97.923454
49,51.532703
229,270.0603
14,9.523018
17,13.545137
56,55.821945
114,105.13175
62,57.297
277,280.6239
9,9.602742
9,13.444578
58,53.714573
118,102.23385
55,59.994488
287,291.16177
9,11.244107
18,14.368421
39,42.446934
104,88.18709
62,60.765465
311,294.4881
12,11.485478
19,14.70154
43,42.3283
87,78.56863
60,59.418594
283,288.78583
20,10.99929
22,14.453982
49,37.65903
71,65.11863
57,52.05254
259,237.1747
5,10.524296
9,13.915352
25,25.422615
41,45.10808
31,34.473873
179,145.98808
8,7.951561
7,7.7660007
15,14.358552
29,22.655123
19,19.45376
105,89.33066
1,2.98179
0,2.6423192
12,8.798
15,13.930987
10,11.417316
67,60.67298
0,0.51498485
1,0.95701045
5,4.705978
11,9.278554
6,7.4889355
43,50.157337
1,0.1832055
1,0.62384844
5,3.9675155
7,8.109797
7,4.274322
47,39.603622
1,0.76048994
1,0.9472842
8,4.332245
4,8.528982
13,7.6507745
61,46.194252
1,3.2192502
3,2.6189406
20,9.294044
14,15.509118
21,20.00391
113,112.19378
4,6.5974584
2,6.3012033
28,28.92184
44,50.009705
51,36.06722
174,181.19463
7,6.277102
3,8.728099
49,55.266228
89,102.15394
38,45.417088
214,209.02946
4,6.475853
8,11.332858
46,55.563183
129,104.800354
43,40.50938
195,203.25372
4,4.9067707
7,10.832315
55,50.11583
114,97.48362
35,34.780937
205,195.77733
9,5.225203
12,11.517168
42,44.77578
88,85.05472
30,36.224632
195,194.37509
5,5.5451994
10,11.375217
39,44.54157
75,86.63438
36,37.64128
181,198.29689
3,6.233402
11,11.357525
41,46.49094
88,88.765945
30,37.672867
214,197.66428
11,7.753546
11,11.582685
52,46.465317
106,88.70798
37,40.266342
216,199.84521
11,10.649654
10,13.572541
45,48.99214
101,92.216705
29,36.9117
162,190.35909
5,10.808704
19,13.639656
57,48.458054
87,90.15266
20,28.122519
151,167.71014
8,11.24817
13,13.338298
63,42.752434
67,79.817345
24,34.987297
190,194.66032
10,10.011385
15,13.688238
64,52.682453
89,98.91439
58,54.47635
245,275.9112
11,9.390596
17,13.506755
74,57.522156
108,107.40227
71,60.609978
289,290.6791
9,10.07577
18,14.011645
55,56.780376
102,105.2925
48,63.51515
264,302.33368
14,11.844743
19,15.0100975
36,45.879276
97,90.4538
58,64.6488
288,306.7968
11,12.058219
11,15.315322
42,46.210537
74,81.81817
63,66.0356
256,310.6785
9,11.64819
16,15.428559
46,43.876705
67,72.230316
53,62.93837
259,292.36353
12,11.41115
12,15.66714
26,33.65679
61,56.174927
30,43.55888
195,203.06743
10,7.7072477
7,7.6429434
13,20.425064
35,33.92203
27,29.109972
127,149.38725
4,2.3292408
0,1.9841894
13,13.241623
26,22.459557
21,17.941006
90,97.49918
0,0.28778702
0,0.7242305
7,7.1866946
15,13.289828
17,12.822296
70,75.50953
2,0.004960049
2,0.6596939
1,6.309473
15,12.183016
10,7.2091465
54,56.52131
0,0.20948553
0,0.6103711
8,6.3014436
12,12.008192
13,7.4232497
43,57.897167
4,2.377101
3,1.7767913
14,9.830579
20,17.504967
19,16.789715
118,107.216896
5,5.812014
4,5.4123044
27,26.912476
40,48.01547
37,33.21899
148,169.2252
9,5.853419
3,7.749837
57,54.142643
89,100.55561
32,43.43325
197,206.03287
6,5.999753
7,10.439137
51,54.850693
113,103.57539
24,39.50523
195,201.14142
3,4.9245505
6,10.312845
45,50.08597
86,96.941284
31,35.217213
161,195.32555
4,5.5018826
14,11.313845
40,45.685966
84,85.64163
36,36.957214
172,195.58525
6,5.8143554
7,11.220044
61,46.180122
99,87.61465
28,38.83455
171,199.5119
5,6.6338177
8,11.077242
59,48.476097
96,89.67819
41,38.866135
181,198.87929
9,8.153955
14,11.616477
43,48.450474
79,89.620224
29,41.45961
195,201.06023
11,10.912414
20,13.60573
47,50.594917
100,92.96685
42,38.206974
163,191.85191
19,11.173471
16,13.774852
54,49.820396
74,91.05163
31,29.076715
151,169.02716
10,11.797647
14,13.728675
44,43.93899
78,80.612206
31,37.78253
196,198.24278
15,11.690828
14,14.98154
39,55.39449
73,101.524635
36,55.937366
216,278.18576
6,9.819938
8,13.73032
51,59.57741
93,108.52049
52,61.908596
218,292.9643
10,10.68624
10,14.416339
46,59.3448
79,106.91989
49,61.736485
202,297.80878
16,11.151626
6,14.111205
30,46.097805
71,89.05708
46,62.90054
208,301.9341
13,11.338386
7,14.389713
32,46.40235
58,80.39474
41,66.1114
226,314.9275
13,11.598222
17,14.7552595
50,45.60403
59,73.07598
52,69.4674
266,311.67392
11,11.30982
14,14.417994
31,40.896885
43,62.703136
30,68.86336
240,313.5149
9,6.2476735
13,6.559275
19,28.856474
42,48.078392
37,61.105293
214,281.454
4,3.380304
2,3.6256635
15,20.898077
37,34.561447
44,47.006485
180,226.5106
1,3.6182566
6,4.3416743
12,13.960036
19,24.760672
16,34.24081
114,161.33113
0,2.1400158
4,2.851931
6,10.895453
22,19.477974
14,19.584337
113,107.85593
0,0.8604461
4,1.4639908
9,9.491036
12,16.21475
4,6.2250147
45,69.51144
2,-0.019393295
2,-0.45161387
14,5.7137346
13,11.1991825
9,9.052013
47,80.01544
5,3.8930662
0,2.0011256
9,13.284599
21,23.340063
9,10.240853
68,68.92757
6,3.5718493
5,2.450409
19,26.04619
29,42.583736
15,24.59094
98,120.57637
5,2.9427836
4,3.982547
25,39.50955
48,66.336494
27,26.23666
111,154.27687
3,3.8200603
2,5.836459
32,44.30497
55,73.68671
25,37.6329
162,169.3949
3,7.5678263
10,10.556796
40,53.527706
68,85.32591
24,41.0691
194,193.81487
2,7.9550347
8,10.654307
30,54.927452
74,90.97056
34,50.25724
173,209.78206
7,8.4440975
6,10.4785185
47,57.153328
69,93.26022
56,50.836243
223,209.31044
9,9.7678175
11,10.787875
39,56.944515
63,93.202255
46,51.034912
192,208.61447
11,9.966264
11,8.970776
34,55.97544
75,92.29866
50,48.97332
181,202.08125
17,10.14747
10,8.932212
46,54.736225
67,91.02637
39,44.193565
177,188.51791
10,10.039941
7,8.068495
28,50.68353
54,84.53569
46,50.141254
195,209.96217
14,11.095026
12,10.482782
52,58.63753
60,95.30957
65,61.69095
238,276.0282
2,9.2668705
5,9.021733
51,59.302017
66,95.92101
56,65.64301
231,285.10196
10,9.84091
2,9.346087
42,58.20128
60,93.15352
39,61.357067
184,281.66562
18,9.472053
4,8.309455
23,47.060726
44,81.97005
44,62.061317
222,285.66544
9,9.570758
11,8.499909
26,46.88191
41,76.60781
48,66.25547
241,300.67154
7,10.230188
5,9.265051
32,46.68993
41,71.32443
42,69.99836
209,311.961
15,8.917029
11,9.209503
43,44.344604
36,64.43365
47,76.342415
218,324.76172
6,6.950919
5,7.7904477
25,33.681637
34,52.050297
46,68.75708
204,295.73575
1,4.3318834
1,5.017058
12,23.305855
20,37.052715
25,52.314117
168,239.1423
0,4.22073
5,5.5657
11,15.017788
13,25.57552
18,35.969185
160,168.5074
0,2.1216817
4,3.326092
11,11.005171
12,19.102743
20,21.09567
79,114.00582
1,1.0924362
3,2.1085489
12,9.645779
14,15.884544
7,5.8197246
36,71.787964
1,0.36566943
6,-0.19548458
3,5.520711
6,10.448331
6,1.5689248
31,55.646538
5,3.8659844
1,2.5491316
13,10.691069
12,11.825073
6,3.1204107
49,43.783905
7,3.670112
3,2.913074
16,21.992077
14,20.936745
10,16.381207
67,92.324524
0,2.694291
4,4.825014
15,35.53979
17,43.8998
21,21.02957
108,133.47343
4,3.4234908
3,6.039025
27,40.454132
27,58.365284
29,35.522762
142,161.09084
5,7.965738
13,12.326502
35,52.158424
45,77.195045
23,39.23021
155,185.89581
7,8.381358
13,12.658676
37,54.074425
55,82.595436
52,47.570263
183,201.6884
6,9.29016
10,13.060257
39,56.439312
66,85.40028
44,48.149265
182,201.21678
9,11.117775
8,13.769532
41,56.2305
69,85.342316
36,47.85096
180,200.7647
8,14.019634
10,14.920424
44,55.19878
70,84.30756
41,46.339756
175,193.7854
6,14.290546
20,14.797485
37,52.959694
62,82.51051
49,42.19408
135,181.11179
12,14.3487425
13,14.330657
42,49.00877
64,75.599304
52,46.955437
183,190.20302
15,16.203695
18,18.078053
42,56.140656
69,82.8742
44,46.951683
184,212.01529
10,15.060393
7,17.327059
44,54.578667
58,74.51993
45,45.428593
218,212.3688
9,15.673312
12,17.852972
39,50.622807
59,68.36469
39,40.12991
182,198.6489
15,15.119588
10,16.786602
35,39.31109
39,59.138474
47,34.852436
190,200.18745
17,15.195511
7,17.18702
33,37.186817
35,51.12448
37,32.47436
179,181.0801
12,15.49688
17,17.87918
28,30.367237
43,41.37288
48,28.813528
195,150.1127
10,15.81363
7,18.55061
33,22.660637
34,29.046442
32,20.28932
176,101.09219
9,10.035245
8,11.07736
18,15.06499
22,20.698425
14,10.053505
125,61.687077
6,3.3153784
6,3.244455
17,7.9012856
19,9.7064
20,6.625297
111,45.70945
2,0.6009689
0,0.7806935
5,3.8995047
12,5.607841
8,3.912243
61,36.1301
1,0.42024374
5,0.59858525
7,3.3977997
11,4.6703234
9,2.9436276
59,28.652767
1,1.5818491
0,1.6464499
6,4.4209394
12,5.9769874
6,7.5155783
24,36.56063
1,4.0122943
1,3.3562422
8,8.939196
11,12.513588
4,19.246704
38,98.35434
11,7.880169
1,7.0047603
15,25.661623
9,43.73018
6,32.152946
42,167.98888
5,10.689898
1,12.110246
11,49.966675
21,92.330025
7,41.678596
57,196.84544
1,10.892444
6,15.117546
11,52.108025
20,96.1384
11,37.974358
74,194.91359
4,9.101469
14,15.050671
12,45.594364
36,88.68872
21,28.425539
105,177.96736
8,7.77317
11,15.191123
33,39.039127
34,77.42446
24,28.782228
142,177.17183
11,8.167085
19,15.156116
24,38.89064
45,78.24263
31,30.006573
149,178.71019
6,8.38232
16,14.49311
35,40.310547
39,80.13195
47,30.450146
172,178.57635
11,9.893277
7,14.737832
35,40.381947
54,80.09306
36,35.24918
157,182.60458
16,12.762844
14,15.251386
32,45.2769
60,86.35439
29,34.119003
164,176.84045
15,13.251785
10,15.701227
37,45.854702
70,86.18431
41,28.974794
173,162.41122
18,12.573928
25,14.41268
31,41.38002
74,77.73179
31,38.496807
187,195.72105
20,12.474348
14,15.111454
42,49.85099
67,92.20307
58,50.07833
167,248.03001
10,12.346853
17,14.858369
42,53.565434
66,98.8491
50,54.125927
189,258.15887
8,12.541298
13,14.293463
29,51.802547
55,94.04019
33,53.341022
160,257.61768
23,12.6985035
25,13.93018
23,39.15926
44,78.32703
35,53.464855
172,259.24512
21,12.447174
23,14.080922
31,38.229237
53,67.61023
34,50.70742
150,238.85347
15,12.021039
22,14.227639
20,33.54509
36,53.576256
29,37.99875
152,184.1887
16,12.250707
19,14.224074
13,22.39259
25,35.174374
16,25.645952
71,113.707794
17,9.42737
10,9.882734
7,14.174983
18,21.674294
11,13.077623
45,69.076416
7,3.3202717
2,2.9581332
8,8.089443
5,11.686793
5,8.244441
39,50.694294
1,0.05114337
2,0.48556396
6,3.804363
5,7.150369
3,4.374301
18,38.533146
2,-0.17350085
1,0.25953752
4,3.1730337
2,6.5078125
8,1.7211125
33,28.849302
1,0.46417838
1,0.7016642
4,3.7125092
7,7.0727468
11,5.822882
47,36.165257
4,2.8702738
4,2.3206556
8,8.62164
17,14.00022
20,18.364286
95,107.923584
9,6.076142
5,5.9218483
30,26.609936
61,48.454357
22,35.697315
166,182.56227
7,6.7397604
16,10.164298
50,54.538334
85,100.87102
47,45.28536
208,211.1371
5,7.0157256
16,13.07818
37,55.587105
86,104.508286
27,40.83523
182,205.77357
5,5.382221
22,12.449983
52,48.92323
88,96.525375
35,32.081272
152,193.3327
15,5.36758
25,12.444148
40,42.356247
70,83.036156
31,32.48761
166,192.29053
7,5.3144126
15,11.962055
46,40.489838
85,82.88754
30,33.74852
165,194.81152
7,6.317783
14,12.017072
38,43.612587
90,86.423004
35,33.96787
185,194.45348
15,7.870748
8,12.275056
48,43.69725
86,86.365036
46,36.102646
202,195.78055
12,11.147183
16,14.092896
49,45.162766
94,88.58756
33,33.882587
171,188.32478
9,11.631769
23,14.741767
47,45.349834
84,87.41483
29,25.921635
176,167.01343
6,12.098212
13,14.422928
46,40.215538
86,77.83529
24,36.919952
210,198.12384
18,11.010939
19,14.524214
53,50.35483
116,95.28518
37,53.562313
221,264.28787
12,10.32117
19,14.4775505
65,54.815712
79,104.30273
56,58.79123
246,276.29486
10,10.511394
12,14.487491
38,53.719772
80,100.86036
50,59.19415
244,283.2354
13,11.5248785
17,14.92574
42,40.999256
69,86.91323
52,59.666267
229,285.8137
17,11.768852
12,15.480329
28,40.47921
68,76.415016
50,57.47453
219,280.02277
15,11.786912
19,15.751449
38,35.61068
48,62.142345
33,44.731773
144,222.92856
9,11.631736
9,15.94241
15,23.803413
35,43.050007
21,28.93848
99,125.18031
8,6.016882
5,5.7923226
7,16.5696
23,22.95673
18,15.757268
70,78.52035
8,1.5348917
3,1.056117
9,12.560731
11,16.483686
14,11.307644
48,57.041035
3,0.38360378
3,0.6861644
3,8.374083
11,12.036319
8,8.340957
27,48.3507
3,0.001427263
1,0.20587097
2,7.153762
6,9.751892
10,4.624853
20,34.439648
1,0.45149085
1,0.55237234
7,6.5741153
5,9.194324
7,6.2216973
41,38.369358
4,1.860155
1,0.8722866
20,10.414481
17,13.623267
22,20.260952
133,105.11538
5,5.972064
3,5.3201556
27,28.892443
67,46.768257
41,39.879776
199,183.05788
13,7.4049926
9,9.754155
56,57.228523
113,100.713066
39,49.50842
208,210.57768
6,7.225487
8,12.340171
66,58.02343
131,105.12089
35,45.52212
202,206.2752
2,6.9012213
16,13.1147995
56,52.88888
82,99.27894
28,36.25356
203,191.97377
5,5.401981
17,11.909981
39,45.89172
89,85.42112
40,37.732018
169,190.97508
10,5.5118375
15,11.666871
45,45.250725
102,86.79256
33,38.69045
191,195.7798
9,6.6178203
9,12.134404
48,47.89983
105,88.98392
36,38.63523
195,195.14719
10,8.254563
11,12.291447
43,47.806087
89,88.85783
30,40.48405
194,197.43771
8,11.412433
18,14.771109
54,50.456646
83,91.24584
34,37.649555
155,188.95406
17,11.240485
20,14.477334
51,50.104836
94,90.579445
21,29.546412
153,169.01343
14,11.80012
18,15.008152
39,45.6662
62,80.67914
43,39.96745
189,199.66197
13,11.640135
25,15.879964
67,55.896145
76,102.21351
47,57.567524
218,277.05368
12,11.448299
21,15.951859
65,60.69468
113,110.61206
63,63.02872
281,286.89014
16,11.309395
15,15.662565
52,57.363186
120,104.4825
44,61.88333
235,290.9972
14,11.975379
18,15.388662
42,44.9457
111,86.06393
64,61.70068
262,292.54926
9,12.17259
14,15.617339
36,44.38639
99,76.17264
55,58.51413
293,284.91052
14,10.770585
15,14.377452
35,38.066177
63,61.464836
54,56.270374
254,236.47813
8,11.939792
12,16.371939
31,28.77008
35,44.336784
31,34.09615
155,137.66335
6,6.8774805
4,6.794291
10,12.417131
18,21.064766
16,19.034698
89,83.54125
9,1.8552533
0,1.5209926
8,7.331799
20,12.855704
12,12.227562
45,58.37794
2,0.18905862
0,0.16305621
5,4.236548
12,9.4326515
6,8.0287485
42,48.04369
0,-0.03963519
0,-0.06367969
4,3.522171
7,8.033977
5,4.355708
25,37.505383
0,0.2362914
2,0.14079146
3,3.318031
5,7.832909
13,7.744415
43,43.954994
9,3.2693644
4,2.095939
8,7.715341
20,14.160052
25,19.222
116,110.51872
8,6.700072
3,5.82108
29,27.604847
47,49.136616
36,37.95798
181,182.5242
7,7.187958
6,9.70999
58,56.28031
116,103.87854
48,48.10628
216,210.30672
3,7.2488594
12,12.490029
58,57.33523
112,108.74934
46,44.933704
222,207.13843
6,6.178391
19,12.639994
56,53.42437
98,103.664665
33,37.257183
196,199.35233
2,5.642292
11,12.0648155
37,47.893417
94,89.935295
34,38.88685
203,198.6692
4,5.7396436
15,11.700215
50,47.409885
90,91.6578
47,39.78365
218,203.45416
6,6.305474
11,11.593141
51,49.994976
101,94.46232
42,39.815235
181,202.82155
3,7.942219
7,11.750183
45,49.901234
112,94.33623
54,41.90781
185,205.30533
18,10.850857
16,13.980617
45,52.703205
104,97.49976
30,39.270275
189,196.59415
7,11.289361
15,14.297294
41,52.43799
110,96.398544
28,30.069473
148,174.82597
12,11.545337
16,14.568912
40,46.919056
85,85.95797
29,39.426174
174,201.46452
8,11.061486
17,15.414184
50,57.01932
96,107.205414
48,57.4497
233,279.42395
19,10.0668125
13,14.561708
68,61.362846
115,115.74236
61,62.367947
286,290.65283
10,10.013118
18,14.357623
55,57.928955
104,109.30059
70,63.78157
274,301.9499
14,11.713496
16,14.877668
36,47.92836
92,92.52608
65,64.947754
288,305.32254
11,12.216703
15,15.412341
52,48.29424
110,83.578995
57,65.50972
312,307.63065
9,11.547066
16,15.102126
41,44.807705
70,72.68451
62,67.74401
285,291.27762
8,12.557732
17,16.788595
37,36.661312
62,58.604626
38,47.174625
195,200.58983
13,8.271796
8,8.040566
21,21.343288
33,35.751198
27,31.86486
135,148.87398
5,2.9488177
1,2.4665163
12,14.465256
23,24.016277
14,19.940674
80,98.443306
0,0.7115758
1,0.8031798
3,8.291571
11,14.960401
8,14.494438
64,76.270996
0,0.64585805
1,0.9590937
7,7.6991615
16,14.035766
5,9.750695
45,58.475956
1,1.0530083
6,1.1513934
7,7.6206827
9,13.739107
10,10.184894
46,59.91863
2,3.5801454
1,2.386513
16,11.218517
18,19.379688
19,20.332405
132,110.49946
4,7.0383444
3,6.1450205
28,29.195732
55,50.71552
28,39.56447
178,176.7958
11,7.6750064
4,9.886233
62,59.211765
108,107.00523
56,49.729683
249,212.43398
6,7.4695053
5,12.112489
53,59.771843
135,111.2547
50,45.645996
208,208.98656
5,6.6490273
15,12.6610985
49,55.632458
117,105.71011
34,38.153187
197,199.98363
8,6.5758986
10,12.606137
58,49.832237
90,91.23596
36,40.245922
164,200.72562
7,6.9100156
11,12.583643
45,50.395527
81,93.60137
36,41.6776
198,204.68129
5,7.124032
9,12.068903
40,52.97011
89,96.34822
31,41.709187
178,204.04868
14,8.760774
13,12.540021
56,52.87637
83,96.22213
37,43.75012
185,206.48082
16,11.57054
14,14.808632
73,55.334743
95,99.76936
47,40.96596
166,197.79883
13,11.862427
14,14.978689
51,54.580467
79,98.01451
21,30.697596
134,174.88007
10,12.380155
13,15.365553
41,48.565205
73,87.00906
35,41.3205
178,205.27603
4,11.882197
17,16.327223
57,60.396313
103,110.92867
58,60.269066
255,283.659
7,10.758491
9,15.163834
73,65.01835
108,118.64011
62,65.81283
249,295.44873
11,11.042115
11,15.297068
54,62.50847
102,113.684326
49,64.11528
257,298.55817
17,11.946074
12,15.010882
39,49.55461
83,92.27656
47,65.03973
226,301.2746
10,12.145348
14,15.301905
48,49.67684
75,83.08582
60,67.805305
287,313.695
9,12.782706
8,16.092651
55,49.075058
72,76.00666
68,71.66358
313,309.47476
14,12.920342
14,16.267555
67,44.67539
61,65.24975
69,75.282616
302,314.4398
7,7.8304534
11,7.9519186
33,30.693651
74,51.06518
49,65.76141
257,283.25305
4,4.3532877
3,4.4381857
19,22.572319
36,36.803772
36,49.91294
239,230.80576
0,3.5985384
2,4.0504236
13,14.815129
32,26.416454
34,36.862785
176,164.69266
1,2.3865693
1,2.8302937
15,12.084526
20,21.365093
18,22.860672
102,111.78763
0,1.3096242
5,1.6839758
9,10.609657
14,17.980036
7,8.418778
40,72.20728
2,1.2278398
4,0.27560452
10,7.339587
8,13.625117
10,11.908879
45,83.842804
3,5.103475
3,2.8891885
16,15.807791
21,26.893032
14,13.635659
90,74.78638
6,4.7696238
5,3.6602755
24,30.016016
38,47.2154
20,28.690159
97,128.92165
8,3.8193405
3,4.6487064
28,42.98273
56,72.142586
24,31.039799
144,166.7737
2,5.2189207
9,7.514136
54,50.006683
79,81.367966
29,41.174683
165,180.78238
8,9.086013
16,12.17767
47,59.05566
89,92.20087
50,45.113403
220,210.90274
10,9.594581
6,12.495977
72,60.8236
102,98.84279
52,55.709766
185,231.63255
11,9.378448
15,11.924894
62,63.922623
107,102.7643
50,56.28877
240,231.16093
10,10.81877
6,12.166133
56,63.64569
105,102.63821
64,56.233116
221,231.15042
6,11.37376
7,10.933623
66,63.113766
103,102.67025
58,53.904556
226,223.19511
13,11.358443
12,10.521331
67,61.24722
98,100.38746
40,47.223206
158,207.98828
14,10.634703
9,9.405916
56,56.235336
84,92.31335
48,53.65993
195,229.07994
11,10.940724
8,11.364418
52,64.39985
91,104.88061
54,64.16388
244,286.12216
13,9.863818
14,10.281344
72,64.47775
103,105.829056
72,67.3539
270,291.15347
9,10.124708
5,10.322442
79,62.035225
144,100.89782
47,63.21798
249,288.4713
9,10.275808
5,9.697016
77,51.11381
92,87.31852
69,63.9582
239,291.12848
14,10.318808
12,9.831763
56,50.92975
65,81.29913
41,67.79786
277,305.52795
8,10.908961
6,10.575301
62,50.665844
55,75.897255
81,73.40996
330,318.9545
7,10.664584
14,10.873564
48,49.56166
77,69.69302
55,78.50532
344,331.10052
8,7.18465
3,7.996152
45,35.46673
50,55.984337
62,69.024055
300,302.816
7,4.563266
6,5.3729525
31,25.275997
40,40.590252
64,53.046177
250,249.73238
2,3.8646755
5,4.9729033
8,16.230087
29,28.587864
31,39.815525
191,181.56264
1,2.820127
3,3.7911365
12,13.3396845
19,23.134647
20,25.252493
140,126.662575
1,1.9930068
1,2.814717
13,11.909341
18,19.686283
8,7.6627183
45,80.85474
3,1.0443918
7,0.033336725
4,7.306926
8,13.926143
7,4.1702185
44,55.676403
7,4.6679435
2,3.0988574
8,12.769884
13,15.803514
10,5.652446
56,45.24173
6,4.815341
6,3.9624672
22,24.969435
24,24.958761
18,19.886944
90,96.45085
8,3.426989
6,5.076619
39,37.58161
41,48.86007
35,24.581324
115,147.74075
3,3.8001175
11,6.7473645
42,44.897484
44,64.92406
38,38.690426
159,174.94705
3,8.429347
9,13.102672
64,57.42592
79,83.79208
55,42.68111
231,204.87645
4,9.111135
18,13.574612
61,59.62908
97,90.10872
43,51.879265
201,224.88156
10,9.184275
12,13.530195
61,62.67948
80,94.167336
47,52.458267
181,224.40994
14,10.990237
10,14.141766
64,62.372967
72,94.011665
33,51.90564
166,224.64331
14,13.560376
15,15.128885
50,61.669727
69,93.80388
37,50.02543
180,216.13988
17,13.887031
15,14.884481
51,58.89035
79,91.08337
37,44.587658
168,202.3155
10,13.394035
13,14.295688
50,54.069756
71,82.67824
38,48.94795
194,210.57127
17,15.086538
16,18.01693
66,61.684498
79,91.60032
50,47.539803
242,216.32564
6,14.733847
9,17.599813
63,59.086903
89,83.10872
42,44.294476
241,211.34778
9,14.211803
11,16.692028
33,52.500435
86,73.50091
39,39.927658
163,198.76149
11,14.415337
14,16.05357
27,41.65877
51,62.358086
28,35.660275
168,199.08669
8,14.515387
17,16.31396
28,39.88208
37,54.039757
28,33.892612
157,180.25992
15,14.353647
24,16.590689
16,32.168724
41,43.4556
37,28.912827
122,150.33383
19,14.130469
20,17.582306
19,25.370628
30,32.04678
13,17.099321
71,95.02026
11,9.5261545
23,9.831911
13,13.6208315
9,18.011885
9,8.882469
50,58.176308
14,3.2852404
15,3.3460765
9,8.169676
11,10.389924
3,7.704694
50,45.025528
4,0.86405003
2,1.0200813
8,4.280665
9,6.464884
7,5.0441117
41,36.41407
0,0.73369974
0,0.8916892
0,3.8970435
6,5.885204
4,4.1564975
32,29.341528
3,1.9969088
1,2.0801551
7,5.0915623
12,7.3118663
9,8.655294
44,37.02294
5,4.8036146
2,3.875387
14,9.848772
13,14.162527
19,21.049877
103,100.344635
13,8.800815
3,7.830783
25,27.294369
65,46.147865
33,37.865974
160,175.37267
10,10.849963
13,13.317407
51,54.321568
82,98.06606
66,47.375782
169,203.18398
8,10.866727
13,15.916434
45,55.787952
109,102.6377
54,43.95186
196,202.73976
14,9.310641
12,16.509565
34,50.373203
84,95.63009
31,30.986883
178,182.37843
9,7.828472
13,15.84757
41,41.937035
74,81.79101
31,31.441107
169,181.56009
8,8.26258
15,15.928719
30,41.904705
85,83.31277
39,31.787714
156,184.07268
13,8.125889
11,15.153574
52,43.258617
89,85.55915
28,31.956718
176,183.66428
12,9.64316
17,15.219887
36,43.15161
82,85.45214
31,36.350945
192,189.81264
13,12.8750725
23,16.323841
42,48.189224
97,91.980835
29,35.38138
168,183.56743
8,13.582707
18,16.962479
55,48.643375
88,91.6219
28,28.72727
142,167.71587
11,12.932978
13,15.77912
48,43.88049
90,82.43939
44,41.5847
210,206.0335
16,12.04682
26,16.557722
50,53.99252
74,100.38603
53,53.09179
256,256.1931
15,12.302227
25,16.039701
61,57.824196
108,107.3798
63,56.704163
257,263.43048
12,11.854179
18,15.441268
49,54.413498
77,99.642296
52,52.354412
222,257.48013
17,12.824108
11,15.221737
42,40.71375
81,80.29728
60,52.508587
263,258.61383
10,12.864135
18,15.171089
41,39.591312
74,69.21543
48,46.339573
243,236.53075
4,12.443758
4,15.01897
46,32.234722
64,51.72164
31,36.751663
167,185.28088
14,13.0588
17,16.059233
26,22.100182
34,33.78153
23,21.687208
112,108.04639
8,9.258841
7,8.961662
17,13.076176
20,19.847322
13,12.8777
65,65.5493
4,3.4252083
2,2.816859
8,7.801727
12,12.146355
6,8.893332
37,48.082195
1,0.27356994
0,0.48327866
3,3.713912
6,7.867945
9,5.786423
25,38.058517
1,0.1463499
0,0.3580166
2,3.2477138
4,7.2878776
2,3.2142348
22,28.779457
0,0.8856323
0,0.9407444
5,3.958571
2,7.972811
6,7.447509
48,36.073624
5,3.7084115
0,2.6855972
5,9.14708
17,15.254769
28,20.603586
96,109.591156
5,6.9220815
1,6.1937003
33,27.745945
58,50.369766
28,40.590725
170,186.23717
8,7.6366396
11,11.340057
54,58.27268
110,105.674614
60,50.241364
222,213.76672
2,7.615227
13,13.798941
63,59.141094
112,110.05
35,46.019516
190,208.94923
3,5.996331
14,13.308211
50,53.086174
96,103.03674
37,34.806866
181,194.20052
5,5.371689
12,12.153578
38,44.39024
93,88.9641
42,35.40428
208,193.13135
9,5.749876
18,12.178801
38,44.25655
93,90.79844
34,36.14931
166,195.89844
2,6.115743
17,11.906218
49,45.955826
99,93.43726
31,36.094093
200,195.26582
9,7.675021
10,11.985795
32,45.862083
95,93.31117
40,38.336838
178,196.83995
9,10.887141
10,13.967365
53,48.52403
100,97.11098
29,36.622017
188,190.42502
13,11.580539
5,14.591774
59,49.081978
93,96.04376
32,27.305586
159,167.89954
16,11.37883
11,13.969296
48,43.597206
80,85.67194
31,40.21523
231,201.07658
10,10.282548
9,14.469791
65,54.93342
92,105.37441
48,56.91922
240,266.30655
14,10.554126
15,14.975832
75,59.426422
116,113.26461
49,60.854454
258,274.64963
6,10.129933
22,14.40125
47,56.03958
128,106.67986
66,59.57756
251,278.993
14,11.571886
13,14.667637
37,43.050816
65,90.03135
65,60.591408
302,281.86594
12,11.995042
10,15.18254
50,42.919136
88,79.74886
62,57.423893
263,274.47815
13,11.202853
24,14.609912
31,36.756493
67,63.93852
56,47.249912
207,222.1816
13,10.92579
17,14.485091
28,24.989641
42,43.592087
29,28.88299
182,124.004364
6,7.7609415
15,7.368984
15,13.551031
20,20.937622
22,15.045833
98,76.05461
1,2.9048977
6,2.2965484
12,8.026588
19,12.986657
3,9.594227
59,52.999958
3,0.19969393
3,0.40940234
2,4.024235
6,8.651057
3,6.4375825
42,42.687737
0,0.07247369
2,0.28414008
3,3.5580392
5,7.8533115
5,3.625653
32,33.168926
0,0.69379324
2,0.6906088
4,4.0926347
10,8.390983
5,7.4201374
32,40.024307
3,3.52921
1,2.4481
14,9.293783
13,15.685575
20,20.431517
128,109.01736
16,6.5995545
7,5.8128777
32,28.795658
49,50.813774
42,39.54912
181,183.97156
7,6.9588943
9,9.6574745
51,58.397137
87,106.31652
49,48.567284
197,210.40819
1,6.8701477
7,12.0490265
54,59.181015
111,110.62457
47,44.2792
206,205.52371
5,5.446604
10,11.753651
56,53.588005
111,104.001595
39,35.941044
192,193.26993
5,5.2113214
17,11.440867
42,46.002583
96,89.29885
35,37.199493
195,192.07712
2,5.5552835
10,11.431865
39,45.74527
96,91.00955
48,38.19998
241,194.84421
4,5.9971676
9,11.235298
75,47.730274
109,93.61047
47,38.144764
237,194.2116
6,7.6339116
10,11.392341
61,47.63653
103,93.48438
32,40.133663
182,195.41444
8,10.720567
18,13.800791
52,50.06983
90,96.883736
33,37.63066
136,187.5948
8,11.025456
17,13.983853
69,50.104458
81,95.375175
23,27.174587
99,163.9297
9,10.828314
16,13.365942
40,43.75278
67,83.952
38,36.53305
140,194.29195
19,10.0730295
21,14.260273
47,55.540985
77,105.767944
54,54.68927
194,272.51935
10,10.21738
16,14.639086
51,60.219727
119,113.86721
49,60.467003
264,284.06506
10,10.099689
10,14.371004
55,57.426834
124,108.4834
59,61.76334
223,291.8679
7,11.842915
17,14.938664
58,45.422363
78,91.66793
73,62.598026
276,295.1174
17,12.296025
18,15.483523
51,45.320637
96,81.72031
59,60.934803
263,288.4777
10,11.779383
13,15.157444
50,39.785492
84,67.16087
47,54.748188
256,236.61305
11,10.787612
15,14.369245
31,27.31105
46,46.055252
37,36.375214
229,140.81973
8,7.8190374
7,7.634813
24,14.651455
27,23.552504
24,20.535892
112,85.59513
7,2.8868594
4,2.4515638
11,8.898495
16,14.457774
15,12.6109495
66,58.491486
1,0.21962795
1,0.42933616
1,4.6604147
13,9.891895
9,8.6603155
41,48.179264
0,0.092407644
0,0.30407387
2,4.1942177
5,8.892764
6,5.1028466
37,37.60646
1,0.69029397
1,0.68710953
4,4.306472
5,9.008092
12,8.743823
51,44.30833
2,3.5257108
3,2.4446013
8,9.354106
12,16.14917
24,21.243814
118,111.33818
9,6.602768
0,5.816091
31,29.48377
44,51.328167
41,39.36244
200,182.10315
8,6.8729553
4,9.571537
58,58.321716
98,106.47305
50,48.707165
217,208.56357
5,6.839397
7,11.986887
48,58.926456
126,110.8049
52,44.6661
218,204.07301
4,5.866984
17,12.224801
45,54.32224
94,104.57584
41,37.858574
192,196.02374
6,5.9511123
10,12.149272
48,48.0935
100,90.42193
29,39.256374
200,195.27267
8,6.2707148
21,12.05659
44,48.031452
100,92.52151
38,40.719067
206,199.25198
4,6.806897
6,11.886877
47,50.53409
91,95.4351
45,40.750652
201,198.61937
7,8.443641
21,12.04392
46,50.440346
104,95.309006
38,42.985443
193,200.0681
12,11.333698
14,14.25577
45,53.077694
88,99.01511
35,40.229538
177,191.7163
10,11.707961
12,14.508206
52,52.894276
88,97.2885
38,29.837166
125,167.60547
20,11.542271
11,13.966207
52,46.44982
72,85.77256
48,38.0995
176,194.93982
12,10.354453
11,14.537883
51,57.17654
88,107.693344
36,57.074726
212,274.76266
9,9.889033
21,14.353529
53,62.291157
127,116.511955
61,62.333332
273,286.89893
13,10.173983
12,14.488088
53,59.713295
89,111.65695
59,64.164536
254,297.80154
6,12.189123
16,15.274665
41,48.975636
113,94.33133
70,65.36186
312,302.18787
8,12.614339
20,15.791629
40,49.323803
75,85.36654
78,66.798
283,305.57434
9,12.173855
14,15.8263445
38,46.587013
64,75.13213
73,65.30346
290,287.42932
18,11.440134
21,15.835451
29,36.788635
46,59.017025
56,46.68141
244,200.00085
16,7.757743
21,7.485782
24,20.867527
41,35.4406
32,31.97506
170,148.52374
5,2.796992
4,2.273962
15,14.180301
23,23.819149
20,19.615763
101,96.51632
1,0.3530963
0,0.55722225
2,7.859451
25,14.53396
15,14.16953
65,74.42481
0,0.28737867
1,0.71313643
7,7.267044
13,13.609325
4,9.425785
53,56.629776
0,0.6945289
2,0.905436
6,7.1885633
17,13.312667
8,9.859983
45,58.07245
1,3.2216654
2,2.1405556
15,10.786401
16,18.953245
22,19.50478
118,107.54632
9,6.3105845
6,5.379426
20,28.273235
58,49.919273
34,37.52818
136,171.08815
11,6.8089366
11,8.873494
56,57.640236
90,105.320984
58,47.490623
202,206.07419
8,6.6584077
12,11.108313
56,58.208878
103,109.57901
54,43.132145
183,201.42717
5,5.534683
12,11.145553
52,53.492718
83,103.16942
42,37.070435
201,194.11324
1,5.612662
15,11.15954
50,48.08259
83,89.61331
36,38.76454
178,194.48248
8,5.92474
16,11.115008
45,48.7489
102,92.10625
40,40.51113
179,198.86205
5,6.489952
10,10.918475
42,51.621876
101,94.97555
51,40.542717
187,198.22943
9,8.126696
13,11.389592
46,51.528133
104,94.84946
51,42.777508
188,199.67816
16,10.969521
11,13.691261
50,53.87352
84,98.48388
45,39.87498
145,191.35555
9,11.1971655
20,13.797079
41,53.201046
92,96.61066
29,29.441133
147,167.36852
18,11.500523
11,13.7946
29,46.880394
64,85.2902
44,38.734013
180,196.6923
9,10.924681
9,14.853356
50,58.33503
91,108.446465
46,58.05684
219,276.63266
8,10.379634
10,14.558908
54,63.972157
110,117.241585
50,63.698593
275,289.32513
12,10.830291
17,14.859175
51,62.052803
92,113.04508
56,62.920593
264,293.6551
18,11.567385
21,14.406125
35,49.30947
82,92.817924
57,64.02487
253,297.4736
12,11.837366
9,14.767855
39,49.502407
90,83.6979
76,66.74765
286,309.72675
18,12.078402
10,15.162274
48,48.592434
69,76.22088
96,70.21149
314,306.6432
9,11.590237
14,14.833974
36,44.494213
55,65.96675
76,74.192184
306,313.54706
6,7.337682
5,7.464398
41,30.39675
38,50.855247
65,64.98794
272,282.31265
5,4.116197
8,4.206348
18,22.245323
28,36.75799
46,49.22954
226,228.3322
2,3.2951038
2,3.8089716
8,14.384766
40,26.18515
22,36.306286
150,162.2999
0,2.0831344
3,2.5888422
9,11.654162
17,21.13379
10,22.30417
103,109.39489
1,1.0061902
2,1.4425246
13,10.179294
18,17.748732
8,7.8622794
52,69.814545
2,0.92440534
1,0.03415337
12,6.909221
11,13.315503
13,10.3572
45,79.789764
2,4.3467417
4,2.0440812
17,14.629221
16,25.736893
16,11.714083
82,69.06388
2,4.012306
2,2.705746
25,28.390408
34,45.921425
18,26.289272
84,122.44641
6,3.0164037
2,3.6021519
28,41.265114
43,70.75657
24,28.670506
151,159.69334
7,4.425639
6,6.477234
57,48.23332
59,79.85761
31,39.31557
143,174.30603
5,8.223958
9,11.071996
55,57.55112
87,90.71952
43,42.881557
183,204.74081
7,8.710488
5,11.368265
64,59.27252
81,97.3394
55,53.618317
183,225.69704
6,8.845552
9,11.115388
56,62.66993
86,101.38336
49,54.19732
197,225.22542
11,10.285874
10,11.3566265
62,62.392998
93,101.25727
44,54.335526
187,224.23149
11,10.873922
10,10.157175
64,61.748085
73,101.013695
53,52.120792
181,217.56729
9,11.02656
6,9.912837
35,60.195538
83,99.20754
53,44.891014
195,201.69528
12,10.164053
6,8.658656
48,54.557186
74,90.50697
53,51.57381
202,222.4069
13,10.576378
12,10.490231
53,62.778393
85,103.19173
48,62.403732
258,280.412
3,9.84739
4,9.755076
61,63.269615
99,104.62208
50,65.62482
241,285.76584
16,10.226548
6,9.914442
62,60.945362
94,99.865166
48,61.42004
201,282.85696
9,10.03205
9,8.730774
31,49.892677
70,86.06714
64,62.09884
255,287.07895
13,10.088755
6,8.879227
33,49.581863
59,79.921005
47,66.40047
311,301.94046
6,10.999897
4,9.943753
51,49.638947
57,74.84011
65,71.581665
302,315.37234
10,10.3780985
18,9.938251
35,48.044052
59,68.14515
59,77.31118
290,330.04138
9,6.854514
4,7.6484995
37,34.92669
50,55.25761
47,68.14688
292,301.7092
2,4.3410363
7,5.133207
31,24.72951
31,40.19911
44,52.32067
237,247.69717
3,3.667868
1,4.8153105
18,15.765764
28,28.196716
23,39.21692
189,179.60823
1,2.6233196
4,3.6335435
17,12.875357
18,22.7435
12,24.653887
108,124.708176
0,1.7961999
4,2.657124
10,11.445013
13,19.295135
5,7.064116
46,78.90034
0,0.84758484
2,-0.12425577
7,6.842596
16,13.456688
8,2.7753148
39,55.63959
7,4.2123833
0,2.5321558
12,11.713211
16,14.74171
8,4.0460815
45,43.875057
8,4.3591957
6,3.2863421
16,23.805288
18,24.09867
16,17.951017
85,94.48119
3,2.921568
4,4.304811
28,36.321793
32,47.904305
24,22.338223
102,141.73914
3,3.0727417
5,5.727934
33,43.507725
61,63.68941
19,36.799065
153,169.20987
4,7.6331973
11,12.014466
33,55.965424
73,82.24689
40,40.417015
163,199.45369
4,8.292948
13,12.464368
41,58.122044
72,88.54148
53,49.693966
173,219.62361
3,8.655683
11,12.6765585
43,61.409233
73,92.66095
39,50.27297
166,219.152
12,10.461645
15,13.28813
49,61.10272
68,92.50528
40,49.9142
170,218.93091
12,13.137135
15,14.380599
56,60.28649
66,92.02187
55,48.147816
167,211.18962
16,13.6317425
17,14.30415
43,57.821114
69,89.778
32,41.89512
188,196.55034
10,13.068353
15,13.58025
54,52.377712
50,80.75007
49,46.315388
163,204.30437
15,14.73215
12,17.039555
48,59.927433
75,89.82246
41,45.27284
214,214.14902
12,14.659836
32,16.928482
47,57.518196
68,81.668144
46,42.16804
190,209.49373
14,14.25606
18,16.138966
47,51.049995
50,72.23466
33,37.85713
204,197.02304
13,14.397206
20,15.624111
42,40.419353
58,60.985542
27,33.50149
225,199.7311
18,14.4841
22,16.035503
36,38.653202
40,52.677753
38,31.492285
181,180.6628
24,13.987545
26,15.929738
33,30.557354
35,41.71111
19,26.283096
132,148.69846
17,14.111948
25,16.568483
27,22.256329
26,29.279781
17,17.303938
85,97.46417
11,10.129399
20,10.168575
15,13.865689
21,19.870604
11,9.421724
52,59.490788
2,3.2914438
3,3.0856972
11,7.899622
13,11.68937
6,7.5693026
45,45.35116
5,0.30895025
2,0.5008221
6,3.7517323
9,7.423295
2,5.3603835
35,37.06447
1,0.5033677
3,0.6971977
3,3.6928768
6,7.168381
3,4.4727683
33,29.991934
0,1.7665769
3,1.8856636
7,4.8873963
9,8.595045
10,8.97157
32,37.67334
4,4.5732827
3,3.6808949
11,9.6446085
14,15.445706
17,21.037296
124,99.541466
9,8.461736
2,7.527545
22,27.252993
34,48.0901
27,35.526306
176,170.1074
11,10.3626
9,12.757047
45,53.44425
93,99.26471
40,44.763817
188,197.32967
7,10.38735
21,15.274329
42,54.828888
107,103.75461
38,41.19964
170,197.40742
4,8.985447
18,15.854193
45,49.371758
67,96.681725
29,30.691284
160,179.55115
7,7.7379427
17,15.344709
42,41.710052
80,83.43769
24,31.145506
159,178.7328
9,8.17205
27,15.425858
41,41.677723
73,84.95945
28,31.787119
167,181.54039
11,8.383177
14,14.965543
46,43.32665
91,87.324905
34,31.956121
137,181.13199
13,9.900448
15,15.031857
29,43.219643
84,87.217896
36,36.924213
170,187.2059
14,13.403201
28,16.406649
46,48.382053
77,93.982025
40,35.60502
163,181.41533
12,14.103476
17,17.03793
47,48.97489
89,93.62309
32,28.697062
140,165.30992
21,13.377116
13,15.777943
46,43.807793
85,84.03636
30,38.977276
197,200.57837
15,12.484853
11,16.607786
37,53.499996
96,101.74261
63,50.597336
271,250.27087
14,12.600176
26,16.199287
63,57.604523
96,108.99073
43,54.285492
203,257.76617
16,12.279973
17,15.567175
30,54.160152
101,101.3628
47,52.649773
225,256.99908
9,13.619258
20,15.716998
35,41.408566
73,82.876976
51,52.993332
274,259.16632
7,13.681476
17,16.147102
36,40.871716
77,72.380714
58,49.383152
227,239.19514
18,13.635047
11,16.48278
44,34.87444
55,56.246216
27,37.346207
153,183.44421
12,13.406357
21,16.364342
17,22.418175
29,35.87563
23,22.244102
123,109.53508
13,10.76633
8,10.17847
19,13.900558
23,21.105135
8,13.555464
63,66.614494
5,3.8888476
3,2.9898167
10,7.778954
12,12.631128
9,9.07016
41,49.620483
4,0.4949035
1,0.5394031
3,3.5743086
4,8.153735
6,6.1905537
37,39.697205
0,0.6198693
0,0.6663277
2,3.3602967
6,7.8258514
3,3.6183631
24,30.418148
1,1.3591516
2,1.249055
6,4.071153
7,8.510787
4,7.666324
39,37.526997
3,4.181931
3,2.9939086
16,9.259662
9,15.792744
25,21.725557
130,111.245995
8,7.455342
6,6.5617523
23,28.210766
44,51.266716
37,40.93879
169,186.3489
11,8.272182
10,11.68483
36,58.55086
80,106.335686
37,50.79821
187,214.06268
8,8.299972
15,14.149596
44,59.527847
106,110.81965
36,46.79241
189,210.12346
5,6.88284
7,13.917123
45,53.54307
98,103.853645
29,36.735477
179,196.11972
2,6.2081323
14,12.755825
37,45.255474
89,90.08133
25,37.38925
191,195.10692
11,6.7728777
16,12.967606
43,45.308346
107,92.10222
23,38.66699
178,198.1759
9,7.32813
13,12.8514185
44,47.30953
92,94.86702
34,38.573193
159,197.68597
11,8.887407
15,12.930995
47,47.215786
94,94.74093
37,41.17107
227,200.64352
10,12.182367
14,14.995407
50,49.900345
74,98.473816
48,39.069782
164,192.58458
11,12.814276
15,15.558327
35,50.39681
95,97.4066
30,28.437738
132,168.19058
11,12.89476
13,14.937317
39,43.71328
86,85.78038
39,41.043056
187,200.89618
8,11.465269
5,15.254065
39,55.359703
73,105.90107
46,57.625256
284,266.4848
10,11.4684105
21,15.580391
55,59.958153
110,113.5623
51,62.13031
255,275.4308
7,11.303309
19,15.264899
54,56.88277
98,107.72143
63,62.694366
287,282.81024
17,13.433899
10,16.415071
40,45.10574
69,92.36355
58,63.46936
280,285.8746
7,13.495696
18,16.56862
38,44.717537
86,81.82454
65,61.047047
289,279.13184
13,13.067565
17,16.312374
38,38.87128
77,66.33059
52,49.240005
219,224.45457
12,12.904003
23,16.065197
19,25.844263
47,44.615273
28,31.668613
132,133.57144
12,9.616183
5,9.158447
14,14.897702
24,22.40147
19,17.110441
93,82.43783
4,3.7560608
1,3.0819323
11,8.658659
18,13.8100195
9,10.273453
40,56.58749
0,0.53500813
2,0.73331195
5,4.194834
9,8.930794
6,7.2991786
29,46.330734
1,0.6150433
0,0.81530535
4,3.9358912
8,8.340302
4,4.487251
42,36.811924
0,1.2363627
1,1.2217739
5,4.470488
14,8.877974
6,7.930546
38,43.316113
3,3.9059036
1,2.813389
8,9.505756
14,16.006691
17,21.331776
115,112.08138
6,7.1040044
7,6.305923
30,29.101885
51,51.07365
30,40.08409
173,186.58316
7,7.6976733
9,10.160102
34,58.62609
88,106.0685
47,49.712883
194,213.87927
3,7.9399147
11,12.839323
54,59.763103
105,110.72968
38,45.544724
185,209.0198
2,6.5955915
19,12.749047
48,54.144115
95,103.97075
35,37.8436
205,197.35062
4,6.3351655
18,12.600576
38,46.7476
82,89.8174
36,39.15841
191,196.21417
5,6.956747
17,12.869191
54,46.67685
84,91.71465
30,40.691605
201,199.28316
5,7.5880156
15,12.8290205
52,48.963753
92,94.405396
41,40.59781
218,198.79323
11,9.224757
14,12.986063
42,48.87001
98,94.279305
42,42.812355
208,201.20668
5,12.412359
21,15.452131
42,51.25979
106,97.5456
23,39.922886
179,191.74303
9,12.650621
7,15.598458
52,51.18039
92,95.92238
37,28.151209
161,166.20941
15,13.026171
11,15.272514
38,43.629955
79,83.3386
43,37.839478
185,196.37605
11,11.755321
19,15.800744
55,56.063255
88,104.91593
44,55.97003
263,275.81537
8,11.538689
12,15.907294
61,60.555233
111,112.5811
56,62.011086
296,287.6575
7,11.378726
18,15.567049
50,58.208176
88,108.49225
65,64.3554
265,297.56534
16,13.68948
14,16.747818
37,46.772182
78,92.8742
55,65.22263
294,301.27765
14,14.052596
20,17.202686
40,46.6853
112,82.94142
56,64.03022
286,295.00858
10,13.625626
11,16.918606
58,41.192154
89,68.54228
53,57.438126
243,241.39973
4,13.025999
14,16.440111
34,28.094063
48,46.704277
33,38.14313
177,149.17688
5,9.185533
5,8.777619
19,15.539534
39,23.933994
18,22.303797
90,91.568436
7,3.8321004
0,3.2702746
9,9.562016
15,15.107169
16,13.7466545
73,62.418568
1,0.79129815
0,1.010968
5,5.004743
10,10.139943
14,9.847366
47,52.223244
3,0.9327719
1,1.1544
2,4.807241
8,9.409505
8,6.2899
43,41.65044
1,1.5306581
0,1.5374354
3,4.919495
9,9.524833
9,9.579681
45,48.001118
2,4.1379843
2,3.0668368
11,9.739034
9,16.437819
25,21.927422
166,114.00055
12,7.320439
3,6.543723
35,29.824066
55,51.578926
45,39.66197
218,184.64633
13,7.665894
9,10.053461
52,58.329464
107,106.29311
53,49.641716
216,211.83777
4,7.8348594
7,12.628016
46,59.158875
126,110.84963
44,45.408813
199,206.9783
3,6.4393406
15,12.408304
60,53.963943
114,103.961266
39,39.174957
200,199.5498
3,6.5161166
23,12.650307
40,48.077324
100,90.56908
36,40.524017
191,198.75
10,6.8661904
12,12.588095
43,47.922855
86,92.47383
40,42.496716
195,203.00851
7,7.5162487
18,12.532258
50,50.704697
104,95.454544
41,42.53087
203,202.55974
7,9.152991
12,12.689301
61,50.610954
106,95.32845
25,45.153587
226,205.38135
7,12.306275
20,15.121051
44,53.367054
100,99.06378
33,41.575974
194,194.95029
9,12.447524
12,15.170364
46,52.903225
93,97.05612
36,29.925846
159,168.74155
11,12.9693775
13,14.951394
46,45.030605
76,84.25256
44,38.962654
178,196.8033
9,11.22614
10,15.147632
59,56.65356
93,106.185875
44,58.306137
262,278.23187
15,10.942844
20,15.3123665
48,62.10477
126,115.09374
53,63.875427
273,290.71198
12,11.232932
15,15.422171
54,60.020153
109,111.58111
54,66.39516
273,303.04575
7,13.771666
17,16.87415
36,49.90326
89,95.5052
69,67.625015
322,307.89487
21,14.106887
24,17.301125
34,50.26627
77,86.55526
75,69.53197
286,311.32333
8,13.756075
17,17.377834
50,47.57148
70,76.48115
67,67.389755
270,291.434
6,13.414498
24,17.696651
24,37.28005
57,59.764233
46,49.261845
262,208.36815
9,9.6914425
14,9.396499
19,22.695597
38,36.630272
40,33.647396
153,153.59912
4,3.5907385
8,3.1418805
20,15.065116
18,24.55801
23,21.096045
91,100.8968
2,0.9356665
1,1.2683045
10,8.505317
20,15.033871
14,15.13075
78,76.08692
0,0.8117529
0,1.3660222
5,7.7879186
14,13.984248
8,10.387005
60,58.291862
1,1.2189032
2,1.558322
8,7.709439
15,13.68759
6,10.740662
54,59.65399
3,3.6032853
4,2.6506863
16,11.16452
20,19.185411
22,20.119877
111,108.82858
6,6.9291573
2,6.126509
23,28.524935
35,50.031757
31,37.606865
165,171.49374
5,7.4767976
5,9.34889
32,57.43925
93,104.55015
48,47.565903
222,206.36942
6,7.245964
12,11.4572525
62,57.644268
130,108.60115
38,43.091625
214,201.4842
2,6.0084786
9,11.297247
54,52.493137
100,101.659775
27,37.41453
178,194.83257
4,6.1217794
11,11.671441
40,47.561954
74,88.9431
30,39.011017
190,194.7072
8,6.3874984
12,11.530883
42,48.00935
98,91.11471
38,41.267612
187,199.36597
2,7.0665865
12,11.448226
44,51.16153
93,94.05113
32,41.301765
155,198.91719
8,8.703328
14,11.919343
48,51.067787
64,93.92504
39,44.223816
215,201.7388
8,11.80938
15,14.44091
46,53.531933
79,97.58869
34,40.20025
159,191.33693
21,11.80401
11,14.343608
44,52.57904
85,95.43442
29,28.521109
142,165.5517
15,12.79157
10,14.660815
33,45.013103
68,83.064865
33,38.64875
174,195.56137
15,11.972969
16,15.656791
46,57.343346
76,106.213036
50,58.06457
236,276.35168
13,11.270889
18,15.421241
56,63.13852
95,114.99299
51,64.0171
272,289.38797
10,11.726685
8,15.696753
42,61.71241
91,112.30463
52,64.06371
250,295.29086
12,13.058959
13,15.9111
37,49.685997
86,93.79612
45,65.20053
246,299.5721
13,13.238946
21,16.182838
47,49.893776
62,84.69094
67,68.27371
285,311.8673
11,13.5696535
10,16.61926
63,49.025803
75,77.374214
55,71.77875
307,308.75073
8,13.191657
8,16.267681
39,44.443012
55,66.53571
66,75.56714
283,320.68927
13,7.797803
5,7.880063
33,31.43744
33,51.671288
57,65.759796
255,287.7024
7,4.1882434
1,4.3310986
23,22.899681
39,37.31609
43,50.31784
222,234.58438
2,3.3581624
4,3.9790745
12,15.00235
19,26.706497
35,36.599052
186,164.20596
1,2.3748922
3,2.9910371
8,11.793516
17,21.176908
18,22.573277
114,109.99316
0,1.2979472
3,1.8447196
6,10.318647
17,17.79185
9,9.903998
45,72.38645
4,1.1892221
3,0.5645264
12,7.176753
15,13.486798
9,12.403355
41,81.97775
9,5.2942705
3,3.26679
21,15.274558
11,26.152006
8,12.767462
84,69.93447
3,4.268826
3,3.29213
29,28.077162
24,45.02618
16,27.044727
99,122.91214
2,3.4861999
6,4.355658
28,40.881805
48,69.947876
36,28.652712
134,158.91924
8,4.495216
5,6.2301817
46,46.436283
67,77.436226
39,39.43131
177,173.47954
7,8.409829
7,10.954602
51,55.931107
58,88.75676
38,42.77273
192,203.31895
3,8.681676
5,11.0127125
39,57.29145
81,94.37526
38,53.544075
214,223.3486
7,8.816743
9,10.759835
49,60.854187
93,98.37246
45,54.123077
188,222.87698
8,10.257062
6,11.001074
41,60.577255
85,98.24637
39,54.764122
173,222.93549
11,11.012967
9,9.926149
48,59.955734
72,97.63717
54,51.805103
171,214.93488
10,10.959779
6,9.505878
31,58.14996
92,95.904686
33,44.104214
166,198.03885
11,10.810195
13,8.600105
37,52.040497
65,86.9292
64,51.135284
179,219.41347
7,10.93632
6,10.603416
35,60.618156
75,99.4457
62,62.109398
209,278.53003
6,9.865781
7,9.8219385
66,61.26117
83,100.95679
61,65.80876
213,283.93625
11,10.310139
4,10.016611
50,59.490223
69,97.624825
39,62.33533
200,281.70905
12,10.744678
3,9.40864
39,49.229877
48,84.88573
47,63.104156
225,285.66684
7,10.801382
7,9.557093
38,49.009056
47,79.367516
54,66.98317
244,300.10562
5,11.337573
6,10.198994
58,48.643517
48,73.9823
55,72.214615
285,313.94205
15,10.8189
10,10.163175
40,46.456577
49,66.97162
60,78.975365
298,334.3927
10,7.1425953
9,7.760324
42,35.525494
47,55.790913
59,69.36124
242,304.46133
3,4.7190332
8,5.4321065
14,25.41998
26,40.702374
34,53.92075
214,251.45204
3,4.106157
5,5.426096
19,16.685995
23,28.929754
25,39.329933
166,181.59612
1,3.0040312
2,4.1901474
14,13.6715765
19,23.352526
15,24.77262
103,124.49849
0,2.1860785
3,3.2228951
12,12.250401
12,20.021156
9,9.31052
37,82.14221
0,1.4970471
3,0.8208949
2,8.027362
6,14.562088
6,4.8574142
42,59.348537
6,5.442889
1,4.067972
10,12.899929
5,15.715084
10,5.8645706
46,46.99576
6,4.8594546
4,4.1360097
16,24.048391
21,23.670362
20,19.756327
61,97.48176
3,3.6644225
7,5.350921
12,36.451073
26,47.59187
25,24.076145
105,144.4128
5,4.0150285
7,6.9984536
50,43.414112
47,62.955112
26,38.048386
143,171.20901
2,8.586584
14,13.203577
47,55.589993
72,81.61867
35,41.63275
194,201.04845
10,9.222627
13,13.606298
47,57.576538
60,87.10286
37,51.477253
180,220.69504
7,9.539848
16,13.772974
53,61.029053
75,91.17557
39,52.056255
184,220.22342
12,11.345811
9,14.384545
51,60.722538
74,91.0199
35,52.200325
203,220.5258
13,14.289189
11,15.653009
55,59.929703
74,90.17086
47,49.699997
163,211.98741
10,14.678147
16,15.500802
48,57.221443
42,88.01102
36,42.271965
166,195.61986
7,14.620697
21,14.918325
39,50.85253
58,78.25377
49,47.58662
182,204.583
8,16.024061
22,18.681011
39,59.141518
71,87.43441
35,46.51677
208,215.16063
7,15.414525
14,17.656021
52,56.08726
56,78.56402
42,44.40834
199,211.51393
21,15.354451
21,17.508938
46,51.128574
67,71.51168
36,40.362377
204,199.25848
18,15.908363
13,17.397202
46,41.1367
49,61.550587
31,36.09673
183,201.70233
23,16.040773
15,17.854103
35,39.46054
40,53.87071
32,33.797417
187,182.08365
13,15.171244
21,17.375368
25,31.094797
31,42.64463
30,28.873552
157,150.87335
17,15.334273
19,17.919302
30,22.790802
38,29.664927
20,18.701574
87,102.37856
14,9.708151
8,9.8228035
14,13.876202
13,19.257746
9,10.522639
63,62.29348
4,3.205411
2,3.0751424
4,8.154898
6,11.073836
5,8.295705
35,47.23319
2,0.7116185
0,0.90787035
5,4.424608
7,7.2253637
3,5.536439
33,38.116215
3,0.43681714
0,0.6384215
4,3.8300934
3,6.4347916
6,4.648825
34,30.719902
0,1.7000263
2,1.8268875
7,5.024614
7,7.8614545
6,9.416593
48,38.871292
3,4.427616
2,3.6981213
10,9.857829
28,14.788121
19,21.694544
98,100.540634
6,8.819458
1,8.057783
24,27.48552
50,46.953854
23,33.6941
155,168.65816
7,9.875921
12,11.801718
44,51.249577
79,94.64394
37,43.402687
194,196.28786
7,10.411032
12,14.82653
45,53.09841
102,99.59803
35,39.376587
180,196.00003
6,8.3705435
25,14.688573
42,46.946507
90,91.960815
25,29.349283
152,177.63823
4,6.896264
17,14.387784
27,39.974747
76,80.393845
23,29.80351
161,176.81989
7,7.3303723
16,14.468931
34,39.942417
80,81.2439
28,30.72151
167,179.52719
6,7.8418694
13,14.308991
41,41.804367
81,83.43645
36,30.890514
140,179.11879
10,9.359142
12,14.375303
30,41.69736
84,83.32944
34,36.050243
175,185.1184
18,12.873307
20,15.718183
35,46.96779
87,90.20159
36,34.897675
169,179.33186
16,13.583443
16,16.389212
41,47.436466
92,89.65639
34,27.366186
178,162.04997
29,13.248188
15,15.218872
31,41.415543
74,79.41203
38,37.868065
221,198.59357
17,12.178731
19,15.883565
51,51.11503
90,95.895325
52,49.761124
224,249.29721
12,12.398192
10,15.727829
35,55.267677
92,102.791115
36,53.756336
252,256.86908
10,12.358084
15,15.345915
49,52.591507
96,97.2668
59,52.760796
231,256.30475
9,13.267139
12,15.397883
34,40.371777
61,80.561264
47,53.776463
230,258.20773
9,13.847001
12,15.827988
40,39.92492
61,70.38709
43,51.158127
219,235.42542
6,14.26971
10,16.629812
26,34.693054
70,55.639057
24,38.206387
154,180.1167
14,13.845763
15,16.896898
21,22.36688
24,35.774334
25,21.305275
129,113.30724
6,9.414766
3,9.241701
13,13.21679
15,20.442507
9,12.793755
69,68.333694
7,3.32256
4,2.8383234
3,7.906314
8,12.480742
11,8.948481
35,50.290638
1,0.59162337
0,0.97981983
4,4.269727
7,8.420954
6,5.8244095
22,40.081463
2,0.454807
0,0.869165
0,3.748305
5,7.7856565
3,3.2522209
21,30.478634
1,1.1940893
3,1.4128948
4,4.420162
7,8.431595
6,7.645727
32,38.08631
1,3.8010738
1,3.2327762
16,9.683701
14,15.788579
17,20.894636
127,110.284225
8,7.522616
2,7.258372
26,28.613222
48,50.73315
37,37.96464
187,183.24721
7,7.754905
11,11.163782
39,57.038406
107,102.80912
40,47.702503
209,210.75699
5,7.901271
11,13.744291
58,57.64269
117,106.57487
43,43.09052
198,203.6545
3,6.1003175
10,12.930323
46,51.02403
114,98.878204
21,34.00953
160,190.03545
2,5.7279916
11,12.381319
46,43.49732
75,86.841354
36,34.546204
202,188.60616
6,6.036699
14,12.337062
35,43.17126
91,88.38306
35,35.34752
174,190.77426
4,6.5277104
17,12.156634
39,44.80514
85,90.09784
54,35.083782
206,189.93312
10,7.7618594
14,12.095803
48,44.570995
98,89.831345
41,37.277084
180,191.72081
8,11.1619425
18,14.037287
39,47.08386
105,93.34996
34,35.37981
174,184.58783
9,11.804261
14,14.64051
43,47.456707
106,92.09702
31,25.586138
166,161.03223
10,12.224745
19,14.27571
53,41.494698
69,81.44418
41,37.34068
219,192.17897
6,10.770936
14,14.3880415
49,52.670723
101,99.18924
59,53.747353
258,260.02823
13,10.459927
14,14.597893
44,56.865185
125,106.417336
52,58.444126
257,267.12402
3,10.44548
10,14.403163
33,54.376194
81,102.219955
44,59.17704
265,274.0314
6,12.099441
12,15.248999
34,42.42308
58,89.212265
61,59.92671
308,276.7162
16,12.045922
16,15.287229
44,42.009556
97,78.88003
53,57.67633
262,270.8666
16,11.94146
24,15.276452
40,37.198326
71,64.35429
53,46.422863
262,219.36487
13,11.6747465
7,15.004265
30,24.734509
46,43.920174
28,29.167664
158,129.61351
8,8.041617
9,7.77377
11,13.566325
16,21.305353
17,14.786594
98,79.464905
4,2.9593108
5,2.4750745
14,8.13841
11,13.226147
10,9.108082
43,55.13737
2,0.5360885
0,0.9242849
4,4.4485626
9,8.970445
3,5.8264203
32,44.838753
1,0.29141963
2,0.7057776
4,3.8192863
5,8.084908
8,3.0144904
35,34.996174
0,0.9127392
2,1.0732489
7,4.314885
15,8.583581
12,7.5658827
39,42.761745
7,3.6268153
1,3.000221
9,9.746605
19,16.108742
19,20.994171
111,111.06495
6,7.2975903
5,6.975051
17,29.22994
42,50.87962
29,37.671795
160,182.5725
7,7.0808225
13,9.596141
40,56.3054
78,103.048965
39,47.21323
190,209.8532
4,7.208629
12,12.046815
50,56.474056
107,106.684875
42,42.48
210,201.21187
4,5.4380198
12,11.26319
48,50.23939
98,99.18022
23,35.384735
164,190.59142
4,5.456331
16,11.557318
44,43.676373
77,86.63651
45,36.58245
231,189.03848
7,5.730813
21,11.478835
39,43.22668
126,88.05458
46,37.63923
195,190.5197
1,6.2978415
16,11.374424
56,45.146294
87,89.907394
41,37.375492
200,189.67856
14,7.6094556
15,11.391058
50,44.912148
74,89.6409
40,39.314953
200,191.09497
9,10.884077
7,13.759421
52,47.196365
102,92.75906
32,36.45137
164,182.37917
11,10.899085
18,13.682495
36,46.807087
89,90.88666
32,26.066307
177,158.78508
8,11.37978
17,13.377907
43,40.26862
81,79.536644
39,33.922077
191,185.51466
7,10.258955
17,13.8760605
55,51.86592
86,98.93981
52,51.680878
203,267.26492
8,9.913282
15,14.051249
46,56.202168
131,106.42013
56,57.56779
253,277.25687
10,9.898836
21,13.856519
57,54.000626
86,102.9572
50,60.185078
252,287.8308
15,11.626076
15,14.775634
42,42.852932
81,89.850395
64,60.96248
269,291.16354
8,11.873877
18,15.115183
38,42.740726
80,80.12439
77,60.194122
268,286.0398
5,11.770575
14,15.07657
49,38.724617
66,66.82729
59,52.615894
227,235.30629
11,11.105018
11,14.456867
15,26.466373
43,46.27049
38,36.021282
206,145.48189
11,8.258917
14,8.045814
17,15.139537
34,23.373144
15,20.037806
94,89.36311
6,3.2334795
3,2.8664656
11,9.500489
12,14.634869
8,11.819742
65,60.560154
0,0.836492
0,1.2509725
3,5.5631785
9,10.137149
9,7.812521
44,50.10105
3,0.36150917
0,0.8021518
2,4.7734222
4,8.889746
4,4.5979104
33,39.547337
2,0.9387934
2,1.1255875
2,5.1381516
4,9.308931
8,9.077981
47,47.241577
4,3.5815415
3,2.9812315
15,10.498542
15,16.687656
23,20.029234
120,111.70369
8,6.766032
3,6.469777
15,29.639082
39,50.747597
33,35.86469
171,180.47667
14,6.316229
6,8.76723
38,55.854023
95,102.76239
46,45.072926
222,208.35472
7,6.5761604
10,11.318638
52,56.07499
101,104.63639
47,40.628036
180,200.40399
4,4.947618
14,10.677081
41,50.746906
100,97.438934
21,34.786625
187,192.81462
8,5.330325
7,11.4262085
40,45.47113
85,85.0743
45,35.784218
176,190.54015
7,5.240974
17,10.874909
47,44.827568
104,86.41226
42,36.972042
192,192.76938
5,5.6705317
10,10.598572
46,46.826088
90,87.45202
36,37.003628
173,192.13676
5,7.190676
17,10.823732
47,46.800465
94,87.39405
46,39.4589
186,194.06895
9,9.927507
13,12.654306
46,49.247253
90,90.77749
33,36.582962
180,185.06154
11,10.563826
22,13.198689
55,49.191868
87,89.23897
35,26.481699
151,161.15431
13,11.265505
17,13.159546
35,43.607456
78,79.024864
43,33.157993
178,186.11905
10,9.805503
12,13.286269
44,53.374683
88,96.810844
48,51.534977
263,268.62524
18,8.513678
18,12.515304
50,57.36462
119,104.2283
84,56.733467
297,279.23096
19,8.888101
21,12.709443
31,55.364338
80,101.694595
59,59.56214
269,290.80905
12,11.072497
15,14.12332
32,45.497147
75,88.8085
59,60.695766
326,295.2722
13,11.285974
16,14.428544
40,45.828407
83,80.87202
67,61.817993
318,298.88928
8,10.686009
14,14.351847
45,43.30464
63,70.94126
71,58.870274
273,281.8138
11,10.30939
13,14.450848
28,33.470036
49,55.271187
42,44.31432
252,202.25739
13,8.551494
6,8.413713
24,21.6646
36,35.332794
36,29.919558
161,149.5222
11,2.9442003
14,2.6525126
16,14.538001
20,23.99151
15,18.701006
107,97.38483
2,0.5685341
4,1.0583411
8,8.233757
10,14.572466
7,13.339895
79,75.28816
1,0.6030927
2,1.2578267
8,7.684919
13,13.794042
9,9.683977
56,58.25717
1,0.98964125
3,1.3905264
9,7.8589134
9,13.801241
12,10.326965
59,60.061913
4,3.1846478
1,2.5843384
10,11.553046
18,19.463003
23,19.447357
101,108.879845
6,6.2724376
2,5.831701
25,28.183136
48,49.39574
25,35.58904
157,170.60056
11,6.124651
12,7.980049
42,55.31566
95,101.838234
39,45.472572
198,206.76242
5,6.122378
8,10.205689
58,55.4222
121,104.256516
48,41.526123
175,199.70406
2,4.9590483
7,10.061537
46,50.639614
94,97.60455
32,36.555595
181,193.20566
4,5.512626
11,11.038781
51,45.85244
96,85.91773
28,38.295597
164,192.67537
5,5.8618517
18,10.981733
31,46.383347
77,87.9275
37,39.88371
166,195.08939
8,6.475648
7,10.833785
51,48.764378
107,90.167244
45,39.64937
199,194.19084
11,7.729864
15,11.107092
63,48.472828
72,89.843346
43,42.10464
203,196.12303
9,10.419462
14,13.027488
45,50.62766
95,93.155106
18,39.398396
176,187.46112
18,10.708052
17,13.224141
48,49.88067
92,91.26742
35,30.711607
144,165.13365
11,11.62818
16,13.473916
40,44.355686
68,81.18442
31,39.007996
186,193.93985
16,11.267665
13,14.613652
56,55.50016
82,101.78583
41,57.26013
223,276.11728
28,9.623321
14,13.378145
49,59.698795
97,108.79739
49,62.9117
299,287.34906
10,10.233348
14,13.807889
42,58.426918
85,106.92219
46,62.663094
236,292.11707
17,10.647814
20,13.451836
44,45.747482
83,89.00845
56,63.933712
281,296.24234
14,10.834574
13,13.730344
47,46.05203
55,80.34611
54,66.94302
303,309.03415
15,10.892853
25,13.894333
43,45.05215
53,72.82579
57,69.496475
319,305.08466
14,10.533784
12,13.4864
39,40.090733
55,62.19867
49,66.18077
284,303.05084
5,7.455057
17,7.693188
31,28.049866
43,47.364475
51,58.18397
263,271.84567
5,4.166819
3,3.9979165
13,19.51193
32,33.267998
35,45.150345
231,219.87926
4,4.202757
2,4.5119114
19,12.456767
26,23.350096
28,32.313873
171,155.26918
0,2.6537044
5,2.897993
12,9.268009
22,17.943228
25,18.869652
98,103.006226
1,1.5561576
4,1.6920756
13,8.045615
14,14.862024
12,6.178951
60,65.33036
4,1.3139822
2,0.41413605
3,4.9059744
11,10.484121
8,10.3955765
53,78.09233
6,4.583491
3,2.2808578
13,11.807543
19,21.829735
14,10.957065
67,66.377106
5,3.6349235
4,2.102793
23,24.033327
41,40.537594
25,24.600899
123,117.0046
4,2.7497323
6,3.0637522
28,36.519634
50,63.313328
31,26.246504
154,148.55647
2,3.5176384
6,4.8785625
47,41.38521
63,70.73369
38,36.54078
183,162.57259
4,7.1988626
9,9.532359
47,49.899742
68,81.25519
49,39.97698
204,184.65906
8,7.546861
11,9.666623
59,51.33624
65,86.936584
48,48.98101
214,198.98373
7,7.9486113
7,10.148057
52,54.309536
86,89.97367
53,49.560013
201,198.51212
6,9.2723255
10,10.457414
47,54.100723
94,89.9157
50,49.62048
207,197.5674
11,9.481159
9,8.6507015
39,53.142036
67,88.97724
41,47.558887
182,191.03418
12,9.662366
13,8.612138
39,51.90282
59,87.70495
48,42.846237
208,177.53796
14,9.66113
13,7.854713
43,48.145496
71,80.701805
41,48.170002
213,198.35828
14,10.362029
13,10.055383
44,55.475574
71,91.65959
60,59.731133
263,266.57285
13,8.658493
14,8.50812
47,55.98745
79,92.20088
53,63.33337
258,273.7353
12,9.1970215
7,8.796963
38,54.310673
68,89.62202
53,59.841652
226,271.0932
17,8.947799
5,7.852639
28,43.8809
57,78.53085
50,60.77798
260,275.21848
12,9.070521
7,8.067107
37,43.726097
46,73.192635
64,64.63715
284,289.88962
9,9.394966
11,8.497261
48,43.199135
48,67.57427
68,69.839066
312,302.74466
11,9.696466
5,8.701801
39,41.113895
54,60.943573
61,69.7124
325,318.11618
0,5.5255523
10,6.638394
36,32.790817
55,52.300842
53,61.409534
301,288.6607
5,2.7191803
2,3.4597387
24,21.980986
34,36.8692
33,48.32182
254,236.54724
3,3.2013648
5,4.1488233
17,13.833358
21,25.532455
41,34.852222
198,169.29253
0,1.9256045
3,2.7325017
12,10.644031
25,19.882967
21,20.499386
145,114.947136
0,1.0525426
10,1.6711415
10,9.440822
16,16.820946
9,5.0094323
50,72.51527
1,0.18317734
3,-0.7754893
6,5.173155
4,11.242141
8,1.2480869
45,54.426395
6,3.8369842
0,2.1795533
10,10.586998
16,12.403802
11,2.9568214
66,42.72103
11,3.0707328
2,1.9731166
19,21.087559
19,20.715023
16,16.626478
88,91.38275
4,2.1844702
4,3.6113257
22,33.653507
38,42.972134
26,20.807123
127,131.82164
6,2.573162
7,4.8954897
35,39.26647
61,57.507774
23,35.134712
200,159.09819
7,7.3012767
12,11.34777
39,51.058086
56,75.99669
31,38.813854
158,182.97653
5,7.6885905
10,11.651637
38,52.94578
63,81.368774
39,46.967316
186,199.25067
6,8.572067
14,12.702322
41,55.874115
68,84.54662
43,47.546318
174,198.77905
10,10.399681
12,13.411597
49,55.665302
65,84.488655
38,47.248013
156,198.32697
17,13.260174
11,14.521124
56,54.724007
63,83.54433
25,45.473324
135,191.08418
12,13.621905
16,14.489005
63,52.410515
64,81.67287
30,41.737957
152,178.82089
17,13.81052
18,14.1525955
52,48.8699
71,74.36413
46,44.994045
130,186.69357
10,15.478338
25,17.874477
37,55.307495
67,81.76336
42,45.267815
153,209.02567
9,14.683255
23,16.996017
49,53.485165
69,73.302246
38,43.744724
179,209.37918
12,15.21558
8,17.441336
52,49.529305
65,67.14701
35,38.826817
156,196.04005
17,15.156304
20,16.842083
36,38.598362
45,58.30156
40,34.509766
195,198.43248
17,15.323624
18,17.333897
33,36.76929
47,50.582767
36,32.951496
200,179.80693
12,15.036253
16,17.43732
29,29.671228
30,40.552673
32,28.43462
170,150.46568
18,15.859762
25,18.566446
25,22.230658
33,28.796822
18,18.114714
146,99.25578
18,8.847366
12,9.015604
20,12.979135
15,17.964117
16,9.284248
91,60.809147
2,2.797466
3,2.720783
7,7.7931504
17,10.199726
5,6.94039
59,46.14107
0,0.53296596
0,0.7828027
3,4.1834073
10,6.3213415
5,4.2408524
48,37.08008
0,0.36575812
0,0.61421216
5,3.6952193
7,5.7397375
6,3.2722392
45,29.602758
2,1.5273639
0,1.6620771
4,4.71836
9,7.046401
7,7.878418
69,37.544838
2,4.133543
0,3.5476043
15,9.412353
12,13.758738
21,19.99841
110,99.59568
11,8.2612915
8,7.5539603
32,26.62225
44,45.33655
28,32.279408
153,168.60497
7,10.511225
11,12.09965
46,50.22889
59,93.237946
36,41.73921
174,197.39568
5,10.754452
15,15.14763
46,51.80978
83,96.65479
32,37.86198
222,194.84358
6,9.067793
20,15.238433
38,46.08227
79,89.3628
31,28.407187
174,177.71832
10,7.5876985
17,15.206027
34,39.337605
84,78.053604
32,28.86141
186,177.14154
7,8.003183
19,15.268554
37,39.28665
67,78.87177
33,29.369823
201,177.96397
11,8.087496
13,14.480908
36,40.07252
77,79.93661
30,29.538824
176,177.55557
8,9.488164
18,14.615342
31,40.033634
91,79.89772
32,34.337864
171,181.5838
17,12.357731
14,15.128896
35,44.92859
66,86.15905
34,32.77446
175,175.38644
12,12.909182
10,15.641247
33,45.23714
76,85.467575
29,27.959312
170,161.28627
8,12.271538
18,14.392913
37,41.09152
73,77.34412
33,36.088226
211,193.58755
18,11.950295
18,14.891087
39,49.103416
67,91.3671
52,47.65255
268,246.32657
6,11.605134
20,14.366971
37,52.46999
89,97.525635
47,51.50104
260,255.64268
8,11.774105
8,13.776591
42,50.5331
87,92.79485
57,51.110046
220,255.3975
13,12.362852
10,13.81752
35,37.86564
59,77.125175
58,51.219368
288,257.01056
10,12.100837
14,13.957577
56,37.128735
97,66.77493
54,48.12695
228,236.2839
8,11.339716
13,13.769308
37,32.50822
48,52.804596
40,35.449078
177,181.21643
12,11.763008
14,14.14703
19,20.868805
37,33.95166
9,21.357288
124,112.05767
4,9.120471
3,8.973894
12,12.944876
20,19.674097
11,11.912211
62,67.8816
5,3.1398451
1,2.709439
7,7.7733216
7,11.7869
1,7.780276
25,50.08031
3,0.4261527
1,0.8681779
3,4.069082
5,7.659458
7,4.5610476
26,39.442703
0,0.18870841
0,0.62935126
3,3.4249547
2,7.004101
6,1.90786
29,29.75886
2,0.8263879
0,1.071478
7,3.9644299
7,7.5690355
3,5.8588057
46,36.923996
10,3.4082189
3,2.866205
8,9.049296
21,14.672241
26,19.422056
103,109.51092
9,7.1431885
3,6.8482933
22,27.655413
48,49.617947
38,36.29973
174,181.8909
7,7.399289
4,10.798184
39,55.288326
92,101.61421
28,45.821922
198,210.39987
5,7.6753535
14,13.712165
43,56.271248
98,104.56985
34,41.22848
215,204.38371
5,6.0878572
14,13.122941
57,49.921513
93,97.06293
37,32.63363
174,192.54245
4,5.8131995
15,12.76221
40,42.825382
83,85.246994
38,33.150463
185,191.3753
6,6.141272
8,12.661356
46,42.442726
93,86.4846
30,34.207882
178,193.69281
4,6.896859
18,12.46859
31,43.666275
82,88.20804
37,34.152664
171,193.0602
8,8.339532
6,12.616285
51,43.64065
76,88.15007
32,36.754093
194,195.36653
4,11.467284
12,14.2854395
44,46.10165
88,91.66208
39,34.440536
161,187.81728
13,11.945469
14,14.724526
28,46.30893
74,90.25742
30,26.569221
144,166.59557
5,12.257962
10,14.251738
39,41.503693
73,81.00694
36,37.058037
210,197.30685
8,11.352501
8,14.629718
29,51.76924
83,97.996704
42,53.653522
268,263.9333
7,10.720516
17,14.647872
60,55.72432
113,105.20607
54,58.747063
275,275.19125
11,11.005311
7,14.752383
37,54.518105
112,101.99766
55,59.56422
233,282.52505
13,12.253878
4,15.310757
44,41.886814
63,88.26464
57,60.340687
249,285.40765
10,12.398185
11,15.546812
33,41.671116
86,78.2442
62,58.098896
243,279.56668
5,12.245822
10,15.662077
36,36.98372
56,64.15268
41,46.08436
196,225.73946
9,12.100512
17,15.450867
26,24.641747
40,44.0882
28,28.86519
128,129.95647
8,8.252005
16,8.571635
13,14.3047495
17,22.18434
23,14.110629
78,79.56706
6,3.0727313
13,2.6480854
10,8.280771
11,12.324232
11,8.50437
47,55.61501
2,0.57632285
1,0.9482359
7,4.3569684
11,7.834574
8,5.127553
40,44.581005
0,0.23102604
1,0.6015561
3,3.6049883
7,6.853688
4,2.23462
28,34.65743
0,0.75074214
4,0.86742395
4,3.9682043
6,7.2713585
9,5.8250766
50,41.462063
0,3.3521008
2,2.6816785
8,9.072599
16,14.394093
24,18.745035
108,109.807686
3,6.589618
3,6.166315
24,28.15385
44,48.908398
31,36.016464
176,181.8656
7,6.9568157
8,9.280762
49,55.76977
87,101.91852
37,45.17078
218,210.0082
5,7.124865
12,12.086732
57,57.072006
102,105.19834
62,40.67946
210,203.91187
7,5.6961613
13,11.448484
53,50.459583
108,97.89849
33,33.926
177,193.89934
3,5.8953943
8,12.035197
34,44.205727
91,85.30001
30,35.05088
181,192.91226
4,6.136258
15,11.847134
41,43.646454
68,86.361
38,36.47904
220,195.43825
6,6.9666476
12,11.799282
57,45.404964
87,88.66215
33,36.42382
185,194.80563
10,8.486786
7,12.024443
37,45.37934
91,88.60418
39,38.771404
173,196.74069
10,11.489077
23,14.120477
36,47.6117
89,91.71574
33,36.102894
184,188.21996
9,11.491142
14,14.030606
34,47.539803
81,90.11389
44,26.809963
151,165.57666
13,11.746403
12,13.500585
31,41.754787
66,79.69918
31,36.158787
179,195.09055
8,11.292955
15,14.362355
46,53.20629
77,99.140594
44,54.261734
227,274.76273
9,10.528529
14,14.455885
39,57.478294
120,106.62381
73,60.891273
234,288.91684
9,10.813324
7,14.560396
42,56.55953
88,104.14985
56,62.943943
251,298.90768
9,12.12184
14,15.178719
42,44.367897
72,89.79756
52,63.62287
254,302.24854
9,12.373897
14,15.522524
52,44.056145
67,79.98597
64,62.610985
327,296.88126
7,12.222694
8,15.609952
32,39.490673
59,66.63978
48,55.00989
251,244.92848
9,11.660629
11,15.033316
23,26.867191
52,46.242188
42,33.101223
155,145.06526
4,7.860794
1,7.6153684
23,13.727036
25,22.211098
19,18.313055
98,88.77304
6,2.8484216
2,2.5147114
12,8.218302
15,12.730589
9,10.512685
60,60.14556
2,0.26049817
0,0.63241106
6,4.1564274
14,8.280172
4,6.570786
32,49.11156
0,-0.084798895
0,0.28573152
6,3.404448
5,6.7554984
8,3.275172
32,38.47685
2,0.41148424
2,0.52816606
6,3.6881764
8,7.0936813
9,6.7531023
47,45.168953
4,2.8302176
3,2.1597958
12,8.609944
16,14.033791
20,18.996193
127,111.249466
7,6.1439905
2,5.7206874
24,27.953682
52,48.39581
28,35.85394
167,181.04475
5,6.5526147
11,8.87656
27,55.074135
84,101.31613
41,45.31102
191,209.18735
3,6.7520537
6,11.68253
39,56.17343
124,104.595955
37,40.733616
205,203.7814
2,5.081368
14,10.956753
52,50.026974
104,97.20857
37,34.911144
176,196.48404
6,5.5515985
6,11.8144655
46,44.876354
93,84.82461
34,36.0897
177,195.59378
8,5.682422
11,11.407377
59,44.377003
83,86.236664
43,38.288166
204,200.09688
5,6.657639
10,11.469897
68,46.82578
66,89.05809
39,38.59432
166,199.73883
9,8.288066
11,11.8053465
47,46.910442
71,89.00012
37,41.187794
185,201.91977
9,11.093757
14,13.704781
38,49.346844
70,92.41843
41,38.26638
141,192.86687
7,11.190297
9,13.709385
40,49.082005
86,90.87577
27,28.737835
129,169.47855
15,11.499344
16,13.277609
33,42.637016
80,79.80109
38,37.755154
163,198.19673
9,10.732095
19,13.935456
39,53.543724
77,99.86404
44,57.03654
224,279.2005
15,10.118139
15,14.025003
49,58.5767
90,108.684814
45,63.36929
276,294.78116
6,10.828787
22,14.555367
48,58.008923
87,106.496925
51,65.49254
247,305.75162
15,12.144218
21,15.127608
28,46.94923
78,91.43196
58,66.53414
291,310.22928
17,12.368381
8,15.443519
42,47.08737
68,82.42978
63,68.25591
272,314.44595
11,12.293337
18,15.891742
43,44.857338
55,72.945724
62,65.62241
258,296.92172
11,11.884672
13,15.771035
31,35.307095
48,57.52417
